Source,Filename,ThreatCount,ProcessedAt
scp,0,6,2025-03-24T11:04:12.540220
scp,1,10,2025-03-24T11:04:45.629443
scp,2,19,2025-03-24T11:05:09.740674
scp,3,11,2025-03-24T11:05:53.845757
scp,4,11,2025-03-24T11:06:20.848026
scp,5,10,2025-03-24T11:06:43.681970
scp,6,10,2025-03-24T11:07:07.686162
scp,7,10,2025-03-24T11:07:37.887556
scp,8,8,2025-03-24T11:08:37.175353
scp,9,10,2025-03-24T11:09:05.551229
scp,10,29,2025-03-24T11:10:08.943748
scp,11,10,2025-03-24T11:10:33.126197
scp,12,182,2025-03-24T11:13:37.040814
scp,13,8,2025-03-24T11:14:17.759204
scp,14,12,2025-03-24T11:14:40.958860
scp,15,20,2025-03-24T11:15:11.690372
scp,16,1,2025-03-24T11:16:08.414104
scp,17,23,2025-03-24T11:16:45.147883
scp,18,21,2025-03-24T11:17:28.925386
scp,19,5,2025-03-24T11:17:35.961910
scp,20,24,2025-03-24T11:18:26.557129
scp,21,10,2025-03-24T11:18:57.285935
scp,22,10,2025-03-24T11:19:29.987272
scp,23,10,2025-03-24T11:20:07.951303
scp,24,8,2025-03-24T11:20:43.044594
scp,25,14,2025-03-24T11:21:08.447519
scp,26,24,2025-03-24T11:22:37.632828
scp,27,10,2025-03-24T11:23:01.503324
scp,28,10,2025-03-24T11:23:25.506901
scp,29,6,2025-03-24T11:23:44.532002
scp,30,8,2025-03-24T11:24:05.398858
scp,31,6,2025-03-24T11:24:25.853894
scp,32,7,2025-03-24T11:24:43.398811
scp,33,6,2025-03-24T11:25:01.513813
scp,34,15,2025-03-24T11:25:32.592220
scp,40,10,2025-03-24T11:25:58.396223
scp,41,13,2025-03-24T11:26:28.907799
scp,42,16,2025-03-24T11:27:11.926117
scp,44,8,2025-03-24T11:27:38.735338
scp,45,10,2025-03-24T11:28:07.318857
scp,46,16,2025-03-24T11:28:56.708015
scp,47,18,2025-03-24T11:29:36.924878
scp,48,27,2025-03-24T11:30:36.376198
scp,49,10,2025-03-24T11:31:03.457279
scp,50,9,2025-03-24T11:35:01.649120
scp,51,15,2025-03-24T11:35:35.566253
scp,52,10,2025-03-24T11:36:00.169143
scp,54,10,2025-03-24T11:36:20.789671
scp,60,3,2025-03-24T11:36:36.482360
scp,61,17,2025-03-24T11:37:15.680966
scp,62,14,2025-03-24T11:37:48.090533
scp,63,6,2025-03-24T11:38:01.766424
scp,64,10,2025-03-24T11:38:29.238339
scp,65,39,2025-03-24T11:39:38.175671
scp,66,14,2025-03-24T11:40:03.309069
scp,67,12,2025-03-24T11:40:28.571148
scp,68,9,2025-03-24T11:40:49.394865
scp,69,5,2025-03-24T11:41:06.396533
scp,70,17,2025-03-24T11:41:53.254551
scp,71,10,2025-03-24T11:42:20.389400
scp,72,231,2025-03-24T11:46:49.711685
scp,73,9,2025-03-24T11:47:12.317134
scp,74,82,2025-03-24T11:48:42.333853
scp,75,17,2025-03-24T11:49:09.684314
scp,76,22,2025-03-24T11:49:44.538374
scp,77,14,2025-03-24T11:50:23.226590
scp,78,9,2025-03-24T11:51:22.752037
scp,79,13,2025-03-24T11:51:56.942605
scp,80,15,2025-03-24T11:52:46.773693
scp,81,10,2025-03-24T11:53:06.634883
scp,82,8,2025-03-24T11:53:32.341578
scp,83,9,2025-03-24T11:53:58.146588
